alias,chainguard_image
1password/onepassword-operator,onepassword-operator
actions/actions-runner,actions-runner
actions/gha-runner-scale-set-controller,gha-runner-scale-set-controller
adorsys/keycloak-config-cli,keycloak-config-cli
alpine,chainguard-base
alpine/git,git
alpine/helm,helm
altinity/clickhouse-operator,clickhouse-operator
amazon/aws-cli,aws-cli
amazon/aws-ebs-csi-driver,aws-ebs-csi-driver
amazon/aws-efs-csi-driver,aws-efs-csi-driver
amazon/aws-for-fluent-bit,aws-for-fluent-bit
amazon/aws-otel-collector,aws-otel-collector
amazon/cloudwatch-agent,amazon-cloudwatch-agent
amazon/cloudwatch-agent,amazon-cloudwatch-agent-operator
amazoncorretto,amazon-corretto-jdk
amazoncorretto,amazon-corretto-jre
anchore/grype,grype
anchore/syft,syft
ansible/awx,awx
apache-activemq-artemis,apache-activemq-artemis
apache/airflow,airflow
apache/airflow,airflow-core
apache/apisix,apache-apisix
apache/apisix-ingress-controller,apisix-ingress-controller
apache/beam_python3.7_sdk,apache-beam-python-sdk
apache/camel-karavan-devmode,apache-camel-karavan-devmode
apache/celeborn,celeborn
apache/couchdb,couchdb
apache/druid,druid
apache/hop,apache-hop
apache/kvrocks,apache-kvrocks
apache/nifi,apache-nifi
apache/nifi-registry,apache-nifi-registry
apache/seata-server,seata-server
apache/superset,superset
apache/tika,apache-tika
apache/yunikorn,yunikorn-scheduler
apache/yunikorn,yunikorn-web
aquasec/kube-bench,kube-bench
aquasec/trivy,trivy
aquasecurity/trivy-operator,trivy-operator
arangodb,arangodb
arangodb/kube-arangodb,kube-arangodb
argoproj/argo-rollouts,argo-rollouts
argoproj/argocd,argo
argoproj/argocd,argocd
argoprojlabs/argocd-extension-installer,argocd-extension-installer
argoprojlabs/argocd-image-updater,argocd-image-updater
asciinema/asciinema,asciinema
atmoz/sftp,atmoz-sftp
authentik/server,authentik
authzed/spicedb,spicedb
authzed/spicedb-operator,spicedb-operator
aws-application-networking-k8s/aws-gateway-controller,aws-gateway-controller
aws-ec2/aws-node-termination-handler,aws-node-termination-handler
aws-observability/aws-sigv4-proxy,aws-sigv4-proxy
aws-secrets-manager/secrets-store-csi-driver-provider-aws,secrets-store-csi-driver-provider-aws
axllent/mailpit,mailpit
azure-cli,az
azure-functions/node,azure-functions-node
azure-functions/python,azure-functions-python
azure/azure-workload-identity/webhook,azure-workload-identity-webhook
backube/volsync,volsync
banzaicloud/bank-vaults,bank-vaults
banzaicloud/logging-operator,kube-logging-operator
banzaicloud/thanos-operator,thanos-operator
bash,bash
bazel-public/bazel,bazel
bitnami/git,git
bitnami/haproxy,haproxy
bitnami/kiam,kiam
bitnami/kube-state-metrics,kube-state-metrics
bitnami/kubectl,kubectl
bitnami/mongodb-exporter,prometheus-mongodb-exporter
bitnami/node,node
bitnami/pgpool,pgpool2
bitnami/prometheus,prometheus
bitnami/python,python
bitnami/sealed-secrets-controller,sealed-secrets-controller
bitnami/sealed-secrets-kubeseal,sealed-secrets-kubeseal
bitnamilegacy/kubectl,kubectl
bitnamisecure/kubectl,kubectl
blacktop/ghidra,ghidra
blacktop/yara,yara
boky/postfix,boky-postfix
boring-registry/boring-registry,boring-registry
brancz/kube-rbac-proxy,kube-rbac-proxy
burningalchemist/sql_exporter,sql_exporter
busybox,busybox
caddy,caddy
calico/node,calico
camunda/keycloak,camunda-keycloak
camunda/zeebe,camunda-zeebe
carvel-dev/kapp-controller,kapp-controller
carvel-dev/secretgen-controller,secretgen-controller
cassandra,cassandra
ceph/ceph,ceph
cephcsi/ceph-csi-operator,ceph-csi-operator
cephcsi/cephcsi,cephcsi
cerbos/cerbos,cerbos
cerbos/cerbosctl,cerbos
cfssl/cfssl,cfssl-self-sign
chartmuseum/chartmuseum,helm-chartmuseum
chrislusf/seaweedfs,seaweedfs
chrislusf/seaweedfs-operator,seaweedfs-operator
cilium/certgen,cilium-certgen
cilium/cilium,cilium
cilium/cilium-envoy,cilium-envoy
cilium/hubble-export-stdout,hubble-export-stdout
cilium/json-mock,json-mock
cilium/tetragon,tetragon
cincan/virustotal,vt
clamav/clamav,clamav
clickhouse/clickhouse-keeper,clickhouse-keeper
clickhouse/clickhouse-server,clickhouse
cloud-sql-connectors/cloud-sql-proxy,cloud-sql-proxy
cloudability/metrics-agent,metrics-agent
cloudflare/cloudflared,cloudflared
cloudnative-pg/cloudnative-pg,cloudnative-pg
cloudnative-pg/plugin-barman-cloud,plugin-barman-cloud
cloudnative-pg/plugin-barman-cloud-sidecar,plugin-barman-cloud
cloudprober/cloudprober,cloudprober
cockroachdb/cockroach,cockroach
cockroachdb/cockroach,cockroach-openssl
codercom/code-server,code-server
confluentinc/cp-kafka,confluent-kafka
consul,consul
containernetworking/azure-ipam,azure-ipam
continuumio/miniconda3,conda
controlplaneio-fluxcd/flux-operator,flux-operator
coredns/coredns,coredns
corentinth/it-tools,it-tools
coreos/etcd,etcd
coreos/helm,helm
cortexproject/cortex,cortex
cr.l5d.io/linkerd/cni-plugin,linkerd-cni-plugin
cr.l5d.io/linkerd/controller,linkerd
cr.l5d.io/linkerd/debug,linkerd
cr.l5d.io/linkerd/extension-init,linkerd-extension-init
cr.l5d.io/linkerd/metrics-api,linkerd
cr.l5d.io/linkerd/proxy,linkerd
cr.l5d.io/linkerd/proxy-init,linkerd
cr.l5d.io/linkerd/tap,linkerd
cr.l5d.io/linkerd/web,linkerd
crossplane-contrib/function-auto-ready,crossplane-function-auto-ready
crossplane-contrib/function-environment-configs,crossplane-function-environment-configs
crossplane-contrib/function-go-templating,crossplane-function-go-templating
crossplane-contrib/provider-aws,crossplane-aws-provider
crossplane-contrib/provider-aws-cloudwatchlogs,crossplane-aws
crossplane-contrib/provider-aws-dynamodb,crossplane-aws
crossplane-contrib/provider-aws-ec2,crossplane-aws
crossplane-contrib/provider-aws-eks,crossplane-aws
crossplane-contrib/provider-aws-firehose,crossplane-aws
crossplane-contrib/provider-aws-iam,crossplane-aws
crossplane-contrib/provider-aws-kinesis,crossplane-aws
crossplane-contrib/provider-aws-kms,crossplane-aws
crossplane-contrib/provider-aws-lambda,crossplane-aws
crossplane-contrib/provider-aws-rds,crossplane-aws
crossplane-contrib/provider-aws-route53,crossplane-aws
crossplane-contrib/provider-aws-s3,crossplane-aws
crossplane-contrib/provider-aws-sns,crossplane-aws
crossplane-contrib/provider-aws-sqs,crossplane-aws
crossplane-contrib/provider-family-aws,crossplane-aws
crossplane-contrib/provider-family-gcp,crossplane-gcp
crossplane-contrib/provider-gcp-compute,crossplane-gcp
crossplane-contrib/provider-gcp-container,crossplane-gcp
crossplane-contrib/provider-gcp-dns,crossplane-gcp
crossplane-contrib/provider-gcp-kms,crossplane-gcp
crossplane-contrib/provider-gcp-pubsub,crossplane-gcp
crossplane-contrib/provider-gcp-storage,crossplane-gcp
crossplane-contrib/provider-gitlab,crossplane-provider-gitlab
crossplane-contrib/provider-kubernetes,crossplane-provider-kubernetes
crossplane-contrib/provider-terraform,crossplane-provider-terraform
crossplane/crossplane,crossplane
crossplane/provider-azure,crossplane-azure
crossplane/provider-sql,crossplane-sql
curlimages/curl,curl
custompodautoscaler/operator,custom-pod-autoscaler-operator
cyberark/secrets-provider-for-k8s,cyberark-secrets-provider-for-k8s
cybertecpostgresql/pg_timetable,pg-timetable
cypress/base,cypress-base
danielqsj/kafka-exporter,kafka-exporter
daprio/daprd,dapr
daprio/injector,dapr
daprio/operator,dapr
daprio/placement,dapr
daprio/scheduler,dapr
daprio/sentry,dapr
dart,dart
dask/dask,dask-kubernetes
dask/dask-kubernetes-operator,dask-kubernetes
daskgateway/dask-gateway,dask-gateway
datacatering/duckdb,duckdb
datadog/agent,datadog-agent
datadog/dogstatsd,dogstatsd
datadoghq/operator,datadog-operator
datastax/cass-config-builder,cass-config-builder
db-operator/db-operator,db-operator
dbgate/dbgate,dbgate
debezium/connect,debezium-connect
debian,chainguard-base
denoland/deno,deno
dependencytrack/bundled,dependency-track
dexidp/dex,dex
distribution/distribution,distribution
docker,docker-cli
docker,docker-dind
docker-registry3.mariadb.com/mariadb-operator/mariadb-operator,mariadb-operator
docker.dragonflydb.io/dragonflydb/operator,dragonfly-operator
docker.osgeo.org/geoserver,geoserver
docker/compose,docker-compose
dockurr/stunnel,stunnel
dopplerhq/kubernetes-operator,doppler-kubernetes-operator
dotnet/aspnet,aspnet-runtime
dotnet/runtime,dotnet
dotnet/sdk,dotnet
dpage/pgadmin4,pgadmin4
dpokidov/imagemagick,imagemagick
dragonflyoss/dfdaemon,dragonfly
dzikoysk/reposilite,reposilite
ebs-csi-driver/aws-ebs-csi-driver,aws-ebs-csi-driver
ebs-csi-driver/volume-modifier-for-k8s,aws-volume-modifier-for-k8s
eclipse-mosquitto,eclipse-mosquitto
eclipse-temurin,adoptium-jdk
eclipse-temurin,adoptium-jre
eclipse-temurin,jdk
efs-csi-driver/amazon/aws-efs-csi-driver,aws-efs-csi-driver
eks-distro/kubernetes-csi/external-attacher,eks-distro
eks-distro/kubernetes-csi/external-provisioner,eks-distro
eks-distro/kubernetes-csi/external-resizer,eks-distro
eks-distro/kubernetes-csi/external-snapshotter/csi-snapshotter,eks-distro
eks-distro/kubernetes-csi/livenessprobe,eks-distro
eks-distro/kubernetes-csi/node-driver-registrar,eks-distro
eks/amazon-k8s-cni,amazon-k8s-cni
eks/amazon-k8s-cni-init,amazon-k8s-cni
eks/aws-load-balancer-controller,aws-load-balancer-controller
eks/aws-network-policy-agent,aws-network-policy-agent
elastic/apm-server,apm-server
elastic/auditbeat,auditbeat
elastic/eck-operator,eck-operator
elastic/elastic-agent,elastic-agent
elastic/filebeat,filebeat
elastic/metricbeat,metricbeat
elasticsearch,elasticsearch
electricsql/electric,electric
elixir,elixir
emberstack/kubernetes-reflector,kubernetes-reflector
emissaryingress/emissary,emissary
enix/x509-certificate-exporter,x509-certificate-exporter
envoyproxy/envoy,envoy
envoyproxy/gateway,envoy-gateway
envoyproxy/ratelimit,envoy-ratelimit
erlang,erlang
external-secrets/external-secrets,external-secrets
fairwinds/nova,nova
fairwinds/polaris,polaris
falcosecurity/falco,falco
falcosecurity/falco-exporter,falco-exporter
falcosecurity/falco-no-driver,falco-no-driver
falcosecurity/falcoctl,falcoctl
falcosecurity/falcosidekick,falcosidekick
filebrowser/filebrowser,filebrowser
flannel-io/flannel-cni-plugin,flannel-cni-plugin
flannel/flannel,flannel
flink,flink
fluent/fluent-bit,fluent-bit
fluent/fluent-operator/fluent-operator,fluent-operator
fluent/fluentd,fluentd
fluent/fluentd-kubernetes-daemonset,fluentd-kubernetes-daemonset
fluentd,fluentd
flux-iac/tf-runner,tofu-controller
flux-iac/tofu-controller,tofu-controller
fluxcd/flux,flux
fluxcd/helm-operator,helm-operator
flyway/flyway,flyway
frekele/ant,ant
frrouting/frr,frr
gatus,gatus
gcc,gcc-glibc
getmeili/meilisearch,meilisearch
gitea/gitea,gitea
go-containerregistry/crane,crane
gocv/opencv,opencv
gogatekeeper/gatekeeper,gogatekeeper
goharbor/harbor-core,harbor
goharbor/harbor-exporter,harbor-exporter
golang,go
golang,go-openssl
google/cadvisor,cadvisor
google/cloud-sdk,google-cloud-sdk
goreleaser/nfpm,nfpm
gotenberg/gotenberg,gotenberg
graalvm/graalvm-community,graalvm
graalvm/jdk-community,graalvm
graalvm/nodejs-community,graalvm
gradle,gradle
grafana-operator/grafana-operator,grafana-operator
grafana/agent-operator,grafana-agent-operator
grafana/alloy,grafana-alloy
grafana/alloy-operator,grafana-alloy-operator
grafana/beyla,grafana-beyla
grafana/fluent-bit-plugin-loki,fluent-bit-plugin-loki
grafana/grafana,grafana
grafana/grafana-image-renderer,grafana-image-renderer
grafana/k6,k6
grafana/k6-operator,k6-operator
grafana/loki,loki
grafana/loki-canary,loki
grafana/mimir,grafana-mimir
grafana/promtail,promtail
grafana/pyroscope,grafana-pyroscope
grafana/rollout-operator,grafana-rollout-operator
grafana/tempo,tempo
gravitational/teleport-distroless,teleport
grepplabs/kafka-proxy,kafka-proxy
groundnuty/k8s-wait-for,k8s-wait-for
grpc-ecosystem/grpc-health-probe,grpc-health-probe
guacamole/guacd,guacamole-server
haproxy,haproxy
harness/gitness,gitness
hashicorp/consul,consul
hashicorp/consul-k8s,consul-k8s
hashicorp/http-echo,http-echo
hashicorp/terraform,terraform
hashicorp/vault,vault
hashicorp/vault-csi-provider,vault-csi-provider
hashicorp/vault-secrets-operator,vault-secrets-operator
headlamp-k8s/headlamp,headlamp
headlamp-k8s/headlamp-plugin-flux,headlamp-plugin-flux
helmpack/chart-testing,chart-testing
hipages/php-fpm_exporter,php-fpm_exporter
hjacobs/kube-downscaler,kube-downscaler
httpd,httpd
huggingface/text-generation-inference,text-generation-inference
infinispan/operator,infinispan-operator
infinispan/server,infinispan
influxdb,influxdb
ipfs/go-ipfs,go-ipfs
ipfs/ipfs-cluster,ipfs-cluster
ipfs/kubo,kubo
istio-ecosystem/authservice/authservice,authservice
istio/install-cni,istio
istio/pilot,istio
istio/proxyv2,istio
istio/ztunnel,ztunnel
jacksontj/promxy,promxy
jaegertracing/all-in-one,jaeger
jaegertracing/jaeger-operator,jaeger-operator
jcmoraisjr/haproxy-ingress,haproxy-ingress
jellyfin/jellyfin,jellyfin
jenkins/inbound-agent,jenkins-inbound-agent
jenkins/jenkins,jenkins
jetstack/cert-manager-controller,cert-manager
jetstack/cert-manager-csi-driver,cert-manager-csi-driver
jetstack/cert-manager-istio-csr,cert-manager-istio-csr
jetstack/cert-manager-startupapicheck,cert-manager-startupapicheck
jetstack/trust-manager,trust-manager
jettech/kube-webhook-certgen,kube-webhook-certgen
jetty,jetty
jimmidyson/configmap-reload,configmap-reload
jitesoft/cfssl,cfssl
jitesoft/tesseract-ocr,tesseract
jitsucom/bulker,jitsucom-bulker
jitsucom/jitsu,jitsucom-jitsu
joeelliott/cert-exporter,cert-exporter
jpillora/chisel,chisel
jrottenberg/ffmpeg,ffmpeg
jupyter/base-notebook,jupyter-base-notebook
jupyterhub/configurable-http-proxy,configurable-http-proxy
jupyterhub/k8s-hub,jupyterhub-k8s-hub
jupyterhub/k8s-image-awaiter,jupyterhub-k8s-image-awaiter
jupyterhub/k8s-network-tools,jupyterhub-k8s-network-tools
justwatch/elasticsearch_exporter,prometheus-elasticsearch-exporter
k1n1h4h4/cert-manager-aws-privateca-issuer,aws-privateca-issuer
k8s-gateway/k8s_gateway,k8s_gateway
k8s-staging-sig-storage/csi-external-health-monitor-controller,kubernetes-csi-external-health-monitor
k8s-staging-sig-storage/csi-provisioner,kubernetes-csi-external-provisioner
k8s-staging-sig-storage/csi-resizer,kubernetes-csi-external-resizer
k8s.gcr.io/nfd/node-feature-discovery,node-feature-discovery
k8s.gcr.io/node-problem-detector/node-problem-detector,node-problem-detector
k8s.gcr.io/prometheus-adapter/prometheus-adapter,prometheus-adapter
k8s.gcr.io/sig-storage/nfs-subdir-external-provisioner,nfs-subdir-external-provisioner
k8s/azureserviceoperator,azure-service-operator
k8sgpt-ai/k8sgpt,k8sgpt
k8sgpt-ai/k8sgpt-operator,k8sgpt-operator
k8snetworkplumbingwg/multus-cni,multus-cni
k8snetworkplumbingwg/sriov-network-device-plugin,sriov-network-device-plugin
k8snetworkplumbingwg/whereabouts,whereabouts
k8ssandra/cass-operator,cass-operator
k8ssandra/k8ssandra-client,k8ssandra-client
k8ssandra/k8ssandra-operator,k8ssandra-operator
k8ssandra/medusa,cassandra-medusa
kafbat/kafka-ui,kafbat-ui
kaniko-project/executor,kaniko
kaniko-project/warmer,kaniko-warmer
karpenter/controller,karpenter
kedacore/keda,keda
keycloak/keycloak,keycloak
keycloak/keycloak-operator,keycloak-operator
kiali/kiali,kiali
kiali/kiali-operator,kiali-operator
kibana,kibana
kiwigrid/k8s-sidecar,k8s-sidecar
klakegg/hugo,hugo
knative-releases/knative.dev/eventing/cmd/broker/filter,knative-eventing
knative-releases/knative.dev/eventing/cmd/broker/ingress,knative-eventing
knative-releases/knative.dev/eventing/cmd/controller,knative-eventing
knative-releases/knative.dev/eventing/cmd/in_memory/channel_controller,knative-eventing
knative-releases/knative.dev/eventing/cmd/in_memory/channel_dispatcher,knative-eventing
knative-releases/knative.dev/eventing/cmd/jobsink,knative-eventing
knative-releases/knative.dev/eventing/cmd/mtchannel_broker,knative-eventing
knative-releases/knative.dev/eventing/cmd/webhook,knative-eventing
knative-releases/knative.dev/net-kourier/cmd/kourier,net-kourier
knative-releases/knative.dev/operator/cmd/operator,knative-operator
knative-releases/knative.dev/serving/cmd/activator,knative-serving
knative-releases/knative.dev/serving/cmd/autoscaler,knative-serving
knative-releases/knative.dev/serving/cmd/controller,knative-serving
knative-releases/knative.dev/serving/cmd/queue,knative-serving
knative-releases/knative.dev/serving/cmd/webhook,knative-serving
ko-build/ko,ko
koalaman/shellcheck,shellcheck
kong,kong
kong/deck,deck
kserve/agent,kserve
kserve/kserve-controller,kserve
kserve/modelmesh,kserve
kserve/modelmesh-controller,kserve
kserve/modelmesh-runtime-adapter,kserve
kserve/rest-proxy,kserve
kserve/router,kserve
kserve/storage-initializer,kserve
kube-logging/logging-operator/fluentd,kube-logging-operator-fluentd
kube-logging/logging-operator/node-exporter,kube-logging-operator-node-exporter
kube-vip/kube-vip,kube-vip
kube-vip/kube-vip-cloud-provider,kube-vip-cloud-provider
kubeflow/katib/earlystopping-medianstop,kubeflow
kubeflow/katib/earlystopping-medianstop,kubeflow-katib
kubeflow/katib/katib-controller,kubeflow
kubeflow/katib/katib-controller,kubeflow-katib
kubeflow/katib/katib-db-manager,kubeflow
kubeflow/katib/katib-db-manager,kubeflow-katib
kubeflow/kubeflow/central-dashboard,kubeflow-centraldashboard
kubeflow/kubeflow/jupyter-web-app,kubeflow
kubeflow/kubeflow/kfam,kubeflow
kubeflow/kubeflow/notebook-controller,kubeflow
kubeflow/kubeflow/poddefaults-webhook,kubeflow
kubeflow/kubeflow/profile-controller,kubeflow
kubeflow/kubeflow/pvcviewer-controller,kubeflow
kubeflow/spark-operator,spark-operator
kubeflowkatib/file-metrics-collector,kubeflow
kubeflowkatib/file-metrics-collector,kubeflow-katib
kubeflowkatib/suggestion-goptuna,kubeflow
kubeflowkatib/suggestion-goptuna,kubeflow-katib
kubeflowkatib/suggestion-hyperband,kubeflow
kubeflowkatib/suggestion-hyperband,kubeflow-katib
kubeflowkatib/suggestion-hyperopt,kubeflow
kubeflowkatib/suggestion-hyperopt,kubeflow-katib
kubeflowkatib/suggestion-optuna,kubeflow
kubeflowkatib/suggestion-optuna,kubeflow-katib
kubeflowkatib/suggestion-pbt,kubeflow
kubeflowkatib/suggestion-pbt,kubeflow-katib
kubeflowkatib/suggestion-skopt,kubeflow
kubeflowkatib/suggestion-skopt,kubeflow-katib
kubernetesui/dashboard-api,kubernetes-dashboard-api
kubernetesui/dashboard-auth,kubernetes-dashboard-auth
kubernetesui/dashboard-metrics-scraper,kubernetes-dashboard-metrics-scraper
kubernetesui/dashboard-web,kubernetes-dashboard-web
kubescape/operator,kubescape-operator
kubewatch/kubewatch,kubewatch
kumahq/kuma-dp,kuma
kumahq/kuma-init,kuma
kumahq/kumactl,kuma
kyverno/background-controller,kyverno
kyverno/cleanup-controller,kyverno
kyverno/kyverno,kyverno
kyverno/policy-reporter,kyverno-policy-reporter
kyverno/policy-reporter/kyverno-plugin,kyverno-policy-reporter-plugin-kyverno
kyverno/policy-reporter/trivy-plugin,kyverno-policy-reporter-plugin-trivy
kyverno/reports-controller,kyverno
kyverno/reports-server,kyverno-reports-server
langfuse/langfuse,langfuse
langfuse/langfuse-worker,langfuse
letsencrypt/trillian_log_server,trillian
librechat/librechat,librechat
linuxserver/chromium,chromium
liquibase,liquibase
litestream/litestream,litestream
livekit/livekit-egress,livekit-egress
livekit/livekit-server,livekit-server
localstack/localstack,localstack
logstash,logstash
longhornio/backing-image-manager,longhorn
longhornio/longhorn-share-manager,longhorn
longhornio/longhorn-ui,longhorn
lusitaniae/apache-exporter,apache-exporter
mailcow/unbound,unbound-mailcow
maptiler/tileserver-gl,tileserver-gl
mariadb,mariadb
martenseemann/quic-go-interop,quic-go
mattermost/mattermost-team-edition,mattermost
maven,maven
mcp/grafana,mcp-grafana
memcached,memcached
mesosphere/cloud-provider-vsphere/driver,mesosphere-vsphere-csi-driver
mesosphere/cloud-provider-vsphere/syncer,mesosphere-vsphere-csi-syncer
metacontroller/metacontroller,metacontroller
metallb/controller,metallb
metallb/speaker,metallb
minio/minio,minio
minio/operator,minio-operator
mintel/dex-k8s-authenticator,dex-k8s-authenticator
mittwald/kubernetes-replicator,kubernetes-replicator
mittwald/kubernetes-secret-generator,kubernetes-secret-generator
ml-pipeline/api-server,kubeflow-pipelines
ml-pipeline/cache-deployer,kubeflow-pipelines
ml-pipeline/cache-server,kubeflow-pipelines
ml-pipeline/frontend,kubeflow-pipelines
ml-pipeline/metadata-envoy,kubeflow-pipelines
ml-pipeline/metadata-writer,kubeflow-pipelines
ml-pipeline/persistenceagent,kubeflow-pipelines
ml-pipeline/scheduledworkflow,kubeflow-pipelines
ml-pipeline/viewer-crd-controller,kubeflow-pipelines
ml-pipeline/visualization-server,kubeflow-pipelines-visualization-server
mlflow/mlflow,mlflow
moby/buildkit,buildkit
mongo,mongodb
mongodb/mongodb-kubernetes-operator,mongodb-kubernetes-operator
mountpoint-s3-csi-driver/aws-mountpoint-s3-csi-driver,mountpoint-s3-csi-driver
mvance/unbound,unbound
mysql,mysql
mysql,mysql-client
nacos/nacos-server,nacos
nats,nats
natsio/nats-box,nats-box
natsio/nats-server-config-reloader,nats-server-config-reloader
navidys/prometheus-podman-exporter,prometheus-podman-exporter
ncabatoff/process-exporter,prometheus-process-exporter
neo4j,neo4j
neuvector/controller,neuvector
newrelic/infrastructure-bundle,newrelic-infrastructure-bundle
newrelic/infrastructure-k8s,newrelic-infrastructure-k8s
newrelic/k8s-agents-operator,k8s-agents-operator
newrelic/k8s-events-forwarder,newrelic-k8s-events-forwarder
newrelic/k8s-metadata-injection,k8s-metadata-injection
newrelic/newrelic-fluentbit-output,newrelic-fluent-bit-output
newrelic/newrelic-prometheus-configurator,newrelic-prometheus-configurator
newrelic/nrdot-collector-k8s,nrdot-collector-k8s
newrelic/nri-kube-events,newrelic-kube-events
newrelic/nri-kubernetes,newrelic-kubernetes
newrelic/nri-prometheus,newrelic-prometheus
newrelic/nri-statsd,newrelic-nri-statsd
nextcloud,nextcloud-server
nextflow/nextflow,nextflow
nginx,nginx
nginx,nginx-otel
nginx/nginx-prometheus-exporter,nginx-prometheus-exporter
nginx/nginx-s3-gateway/nginx-oss-s3-gateway,nginx-s3-gateway
nginxinc/nginx-s3-gateway,nginx-s3-gateway
node,node
noqcks/xeol,xeol
nvcr.io/nvidia/cloud-native/k8s-mig-manager,k8s-mig-manager
nvcr.io/nvidia/driver,nvidia-gpu-driver
nvcr.io/nvidia/nemo,nemo
nvcr.io/nvidia/tritonserver,tritonserver
nvcr.io/nvidia/tritonserver,tritonserver-no-backend
nvcr.io/nvidia/tritonserver,tritonserver-pytorch-backend
nvcr.io/nvidia/tritonserver,tritonserver-trtllm-backend
nvcr.io/nvidia/tritonserver,tritonserver-vllm-backend
nvidia/container-toolkit,nvidia-container-toolkit
nvidia/dcgm,dcgm
nvidia/dcgm-exporter,dcgm-exporter
nvidia/gpu-feature-discovery,gpu-feature-discovery
nvidia/gpu-operator,gpu-operator
nvidia/gpu-operator-validator,gpu-operator-validator
nvidia/k8s-device-plugin,nvidia-device-plugin
oamdev/vela-core,vela-core
oauth2-proxy/oauth2-proxy,oauth2-proxy
observabilitystack/geoip-api,geoip-api
observatorium/thanos-receive-controller,thanos-receive-controller
oliver006/redis_exporter,prometheus-redis-exporter
ollama/ollama,ollama
open-telemetry/opentelemetry-operator/autoinstrumentation-java,opentelemetry-java-instrumentation
open-telemetry/opentelemetry-operator/opentelemetry-operator,opentelemetry-operator
open-webui/open-webui,open-webui
openbao/openbao,openbao
opencost/opencost,opencost
opencost/opencost-ui,opencost
openebs/lvm-driver,lvm-driver
openebs/provisioner-localpv,dynamic-localpv-provisioner
openeuler/strongswan,strongswan
openfga/openfga,openfga
openjdk,adoptium-jdk
openjdk,adoptium-jre
openjdk,jdk
openliberty/open-liberty,open-liberty
openpolicyagent/gatekeeper,gatekeeper
openpolicyagent/gatekeeper-crds,gatekeeper-crds
openpolicyagent/opa,opa
openresty/openresty,openresty
opensearchproject/logstash-oss-with-opensearch-output-plugin,logstash-oss-with-opensearch-output-plugin
opensearchproject/opensearch,opensearch
opensearchproject/opensearch-dashboards,opensearch-dashboards
opensearchproject/opensearch-operator,opensearch-k8s-operator
opentext/verticadb-operator,verticadb-operator
opentofu/opentofu,opentofu
openzipkin/zipkin,zipkin
openzipkin/zipkin-slim,zipkin-slim
orthancteam/orthanc,orthanc
oryd/hydra,hydra
oryd/kratos,kratos
osixia/openldap,openldap
oss/kubernetes-csi/azuredisk-csi,azuredisk-csi
oss/kubernetes-csi/azurefile-csi,azurefile-csi
oss/kubernetes-csi/blob-csi,blob-csi
oss/kubernetes/azure-cloud-controller-manager,cloud-provider-azure
oss/kubernetes/azure-cloud-node-manager,cloud-provider-azure
oss/v2/azure/secrets-store/provider-azure,secrets-store-csi-driver-provider-azure
ot-container-kit/redis-operator/redis-operator,redis-operator
otel/opentelemetry-collector,opentelemetry-collector
otel/opentelemetry-collector-contrib,opentelemetry-collector-contrib
oven/bun,bun
owasp/modsecurity-crs,paranoia
peaceiris/mdbook,mdbook
percona/percona-server,percona-server
percona/percona-server-mongodb-operator,percona-server-mongodb-operator
perl,perl
pgbouncer/pgbouncer,pgbouncer
pgpool/pgpool,pgpool2
pgpool/pgpool2_exporter,pgpool2_exporter
pgwatch/pgwatch,pgwatch
php,php
postfinance/kubelet-csr-approver,kubelet-csr-approver
postgis/postgis,postgis
postgres,postgres
powerdns/dnsdist-master,dnsdist
powerdns/pdns-recursor-54,pdns-recursor
powershell,powershell
prefix-dev/pixi,pixi
project-zot/zot,zot
projectcontour/contour,contour
prom/alertmanager,prometheus-alertmanager
prom/blackbox-exporter,prometheus-blackbox-exporter
prom/cloudwatch-exporter,prometheus-cloudwatch-exporter
prom/memcached-exporter,memcached-exporter
prom/mysqld-exporter,prometheus-mysqld-exporter
prom/node-exporter,prometheus-node-exporter
prom/prometheus,prometheus
prom/pushgateway,prometheus-pushgateway
prom/statsd-exporter,prometheus-statsd-exporter
prometheus-operator/admission-webhook,prometheus-admission-webhook
prometheus-operator/prometheus-config-reloader,prometheus-config-reloader
prometheus-operator/prometheus-operator,prometheus-operator
prometheus/cloudwatch-exporter,prometheus-cloudwatch-exporter
prometheus/snmp-exporter,prometheus-snmp-exporter
prometheuscommunity/pgbouncer-exporter,prometheus-pgbouncer-exporter
prometheuscommunity/pushprox,pushprox
prometheuscommunity/yet-another-cloudwatch-exporter,prometheus-yet-another-cloudwatch-exporter
proxysql/proxysql,proxysql
pulumi/pulumi,pulumi
pulumi/pulumi-kubernetes-operator,pulumi-kubernetes-operator
pypiserver/pypiserver,pypiserver
pypy,pypy
python,python
pytorch/pytorch,pytorch
qdrant/qdrant,qdrant
r-base,r-base
rabbitmq,rabbitmq
rabbitmqoperator/messaging-topology-operator,rabbitmq-messaging-topology-operator
rails,rails
rancher/cis-operator,cis-operator
rancher/fleet,rancher-fleet
rancher/fleet-agent,rancher-fleet
rancher/k3s,k3s
rancher/k3s,k3s-openssl
rancher/klipper-helm,klipper-helm
rancher/local-path-provisioner,local-path-provisioner
rancher/metrics-server,metrics-server
rancher/rancher,rancher
rancher/rancher-agent,rancher-agent
rancher/rancher-webhook,rancher-webhook
rancher/rke2-runtime,rke2-runtime
rancher/security-scan,rancher-security-scan
rancher/shell,rancher-shell
rancher/system-upgrade-controller,rancher-system-upgrade-controller
ratify-project/ratify,ratify
ratify-project/ratify-crds,ratify
rayproject/kuberay-operator,kuberay-operator
rclone/rclone,rclone
redis,redis
redis,redis-sentinel
redis/redisinsight,redisinsight
redpandadata/redpanda,redpanda
regclient/regbot,regclient
regclient/regctl,regclient
regclient/regsync,regclient
registry.gitlab.com/gitlab-com/gl-security/engineering-and-research/automation-team/spam/spamcheck,spamcheck
registry.gitlab.com/gitlab-org/build/cng/certificates,gitlab
registry.gitlab.com/gitlab-org/build/cng/gitaly,gitlab
registry.gitlab.com/gitlab-org/build/cng/gitlab-mailroom,gitlab-mailroom
registry.gitlab.com/gitlab-org/build/cng/gitlab-sidekiq-ce,gitlab
registry.gitlab.com/gitlab-org/build/cng/gitlab-toolbox-ce,gitlab
registry.gitlab.com/gitlab-org/build/cng/gitlab-webservice-ce,gitlab
registry.gitlab.com/gitlab-org/build/cng/gitlab-workhorse-ce,gitlab
registry.gitlab.com/gitlab-org/cloud-native/gitlab-operator,gitlab-operator
registry.k8s.io/autoscaling/addon-resizer,kubernetes-autoscaler-addon-resizer
registry.k8s.io/autoscaling/cluster-autoscaler,cluster-autoscaler
registry.k8s.io/autoscaling/vpa-admission-controller,vertical-pod-autoscaler
registry.k8s.io/autoscaling/vpa-recommender,vertical-pod-autoscaler
registry.k8s.io/autoscaling/vpa-updater,vertical-pod-autoscaler
registry.k8s.io/capi-ipam-ic/cluster-api-ipam-in-cluster-controller,cluster-api-ipam-provider-in-cluster
registry.k8s.io/cloud-provider-gcp/cloud-controller-manager,cloud-provider-gcp-cloud-controller-manager
registry.k8s.io/cloud-provider-gcp/gcp-compute-persistent-disk-csi-driver,gcp-compute-persistent-disk-csi-driver
registry.k8s.io/cloud-pv-vsphere/cloud-provider-vsphere,cloud-provider-vsphere
registry.k8s.io/cluster-api-aws/cluster-api-aws-controller,cluster-api-aws-controller
registry.k8s.io/cluster-api-azure/cluster-api-azure-controller,cluster-api-azure-controller
registry.k8s.io/cluster-api-gcp/cluster-api-gcp-controller,cluster-api-gcp-controller
registry.k8s.io/cluster-api-vsphere/cluster-api-vsphere-controller,cluster-api-vsphere-controller
registry.k8s.io/conformance,kube-conformance
registry.k8s.io/cpa/cluster-proportional-autoscaler,cluster-proportional-autoscaler
registry.k8s.io/csi-secrets-store/driver,secrets-store-csi-driver
registry.k8s.io/csi-secrets-store/driver-crds,secrets-store-csi-driver-crds
registry.k8s.io/defaultbackend,kubernetes-ingress-defaultbackend
registry.k8s.io/descheduler/descheduler,descheduler
registry.k8s.io/dns/k8s-dns-node-cache,kubernetes-dns-node-cache
registry.k8s.io/external-dns/external-dns,external-dns
registry.k8s.io/git-sync/git-sync,git-sync
registry.k8s.io/ingress-nginx/controller,ingress-nginx-controller
registry.k8s.io/kube-apiserver,kubernetes
registry.k8s.io/kube-controller-manager,kubernetes
registry.k8s.io/kube-proxy,kubernetes
registry.k8s.io/kube-scheduler,kubernetes
registry.k8s.io/networking/ip-masq-agent,ip-masq-agent
registry.k8s.io/pause,kubernetes
registry.k8s.io/provider-aws/cloud-controller-manager,cloud-provider-aws
registry.k8s.io/sig-storage/csi-attacher,kubernetes-csi-external-attacher
registry.k8s.io/sig-storage/csi-node-driver-registrar,kubernetes-csi-node-driver-registrar
registry.k8s.io/sig-storage/livenessprobe,kubernetes-csi-livenessprobe
registry.k8s.io/sig-storage/local-volume-node-cleanup,local-volume-node-cleanup
registry.k8s.io/sig-storage/local-volume-provisioner,local-volume-provisioner
registry.k8s.io/sig-storage/nfsplugin,kubernetes-csi-driver-nfs
registry.k8s.io/sig-storage/objectstorage-controller,objectstorage
registry.k8s.io/sig-storage/objectstorage-sidecar,objectstorage
registry.k8s.io/sig-storage/snapshot-controller,kubernetes-csi-external-snapshotter
registry.k8s.io/sig-storage/snapshotter,kubernetes-csi-external-snapshotter
registry.opensource.zalan.do/acid/postgres-operator,postgres-operator
registryk8s,cluster-api
renovate/renovate,renovate
resmoio/kubernetes-event-exporter,kubernetes-event-exporter
returntocorp/semgrep,semgrep
rke2-cloud-provider/rke2-cloud-provider,rke2-cloud-provider
rocker/rstudio,rstudio
rook/ceph,rook-ceph
rqlite/rqlite,rqlite
ruby,ruby
runatlantis/atlantis,atlantis
rust,rust
rwynn/monstache,monstache
s3-controller,aws-s3-controller
sbtscala/scala-sbt,sbt
selenium/base,selenium
selenium/distributor,selenium
selenium/event-bus,selenium
selenium/hub,selenium
selenium/node-base,selenium
selenium/node-chromium,selenium
selenium/node-docker,selenium
selenium/node-firefox,selenium
selenium/router,selenium
selenium/session-queue,selenium
selenium/sessions,selenium
selenium/standalone-chromium,selenium
selenium/standalone-docker,selenium
selenium/standalone-firefox,selenium
semitechnologies/weaviate,weaviate
shadowsocks/sslocal-rust,shadowsocks-rust
shadowsocks/ssserver-rust,shadowsocks-rust
siderolabs/image-factory,image-factory
siderolabs/omni,omni
signalfx/splunk-otel-collector,splunk-otel-collector
sigstore/cosign/cosign,cosign
sigstore/fulcio,fulcio
sigstore/rekor/rekor-server,rekor
sigstore/scaffolding/createctconfig,sigstore-scaffolding
sigstore/scaffolding/createdb,sigstore-scaffolding
sigstore/scaffolding/createtree,sigstore-scaffolding
sigstore/scaffolding/getoidctoken,sigstore-scaffolding
sigstore/scaffolding/managectroots,sigstore-scaffolding
sigstore/scaffolding/rekor-createsecret,sigstore-scaffolding
sigstore/scaffolding/updatetree,sigstore-scaffolding
sigstore/timestamp-server,timestamp-authority
skopeo/stable,skopeo
smallstep/step-ca,step-ca
smallstep/step-cli,step-cli
smallstep/step-issuer,step-issuer
smarter-project/smarter-device-manager,smarter-device-manager
solr,solr
sonarqube,sonarqube
sonarsource/sonar-scanner-cli,sonar-scanner-cli
sonobuoy/sonobuoy,sonobuoy
sonobuoy/systemd-logs,sonobuoy-systemd-logs
spark,spark
spegel-org/spegel,spegel
spiffe/oidc-discovery-provider,spire
spiffe/spiffe-helper,spiffe-helper
spiffe/spire-agent,spire
spiffe/spire-controller-manager,spire-controller-manager
spiffe/spire-server,spire
sqlpad/sqlpad,sqlpad
stakater/reloader,stakater-reloader
statsd/statsd,statsd
stoplight/prism,prism
strimzi/kafka,strimzi-kafka
strimzi/kafka-bridge,kafka-bridge
strimzi/operator,strimzi-kafka-operator
sustainable_computing_io/kepler,kepler
swiftlang/swift,swift
tailscale,tailscale
target/vela-cli,vela-cli
tchiotludo/akhq,akhq
tektoncd/github.com/tektoncd/chains/cmd/controller,tekton-chains
telegraf,telegraf
temporalio/admin-tools,temporal-admin-tools
temporalio/server,temporal-server
temporalio/ui,temporal-ui-server
tensorflow/tensorflow,tensorflow
terraform-linters/tflint,tflint
thelastpickle/cassandra-reaper,cassandra-reaper
thingsboard/tb,thingsboard
tiermobility/boring-registry,boring-registry
tigera/operator,tigera-operator
timberio/vector,vector
timescale/timescaledb,timescaledb-compat
tomcat,tomcat
tomkerkhove/promitor-agent-scraper,promitor-agent-scraper
topolvm/pvc-autoresizer,pvc-autoresizer
traefik,traefik
tremolosecurity/kube-oidc-proxy,kube-oidc-proxy
trinodb/trino,trino
trufflesecurity/trufflehog,trufflehog
turbot/steampipe,steampipe
ubuntu,chainguard-base
ubuntu/jre,adoptium-jre
ubuntu/jre,jre
ubuntu/prometheus-alertmanager,prometheus-alertmanager
ubuntu/squid,squid-proxy
us-docker.pkg.dev/fairwinds-ops/oss/pluto,pluto
us-docker.pkg.dev/oplabs-tools-artifacts/images/op-geth,op-geth
us-docker.pkg.dev/secretmanager-csi/secrets-store-csi-driver-provider-gcp/plugin,secrets-store-csi-driver-provider-gcp
us-docker.pkg.dev/spinnaker-community/docker/kayenta,kayenta
valkey/valkey,valkey
vault,vault
velero/velero,velero
velero/velero-plugin-for-aws,velero-plugin-for-aws
velero/velero-plugin-for-microsoft-azure,velero-plugin-for-microsoft-azure
velero/velero-restore-helper,velero-restore-helper
viaductoss/ksops,ksops
victoriametrics/operator,victoriametrics-operator
victoriametrics/victoria-metrics,victoria-metrics
victoriametrics/victoria-metrics,victoriametrics
vitess/lite,vitess-lite
vllm/vllm-openai,vllm-openai
vmware/kube-fluentd-operator,kube-fluentd-operator
volcanosh/vc-controller-manager,volcano
volcanosh/vc-scheduler,volcano
volcanosh/vc-webhook-manager,volcano
wagoodman/dive,dive
warpstreamlabs/bento,bento
wave-k8s/wave,wave
wavefronthq/proxy,wavefront-proxy
wavefronthq/wavefront-kubernetes-collector,wavefront-collector-for-kubernetes
wildfly/wildfly,wildfly
willwill/wait-for-it,wait-for-it
wiremock/wiremock,wiremock
wordpress,wordpress
wrouesnel/postgres_exporter,prometheus-postgres-exporter
wso2/wso2is,wso2is
xpkg.upbound.io/crossplane-contrib/provider-keycloak,crossplane-keycloak
xunholy/kustomize-mutating-webhook,kustomize-mutating-webhook
yonahdissen/kor,kor
zachomedia/cert-manager-webhook-pdns,cert-manager-webhook-pdns
zalando-incubator/kube-metrics-adapter,kube-metrics-adapter
zitadel/zitadel,zitadel
